{"cameraMode":{"drawMode":0,"name":"Shaded","section":"Shading Mode"},"sceneLighting":true,"audioPlay":false,"sceneViewState":{"m_AlwaysRefresh":false,"showFog":true,"showSkybox":true,"showFlares":true,"showImageEffects":true,"showParticleSystems":true,"showVisualEffectGraphs":true,"m_FxEnabled":true},"in2DMode":false,"pivot":{"x":1.7070508003234864,"y":-1.8648185729980469,"z":-6.368585586547852},"rotation":{"x":0.008145321160554886,"y":0.9775274991989136,"z":-0.20713621377944947,"w":0.038437843322753909},"size":12.781027793884278,"orthographic":false}